PROPERTY TYPE,ADDRESS,CITY,ZIP OR POSTAL CODE,PRICE,BEDS,BATHS,LOCATION,SQUARE FEET,LOT SIZE,YEAR BUILT,DAYS ON MARKET,HOA/MONTH,MLS#,LATITUDE,LONGITUDE
Townhouse,845 Wescott Sq,Eagan,55123,349000,3,3,Eagan,1546,5445.0,1994,5,250.0,6159156,44.8330868,-93.1297346
Townhouse,18314 Gladden Ln,Lakeville,55044,425000,4,4,Lakeville,2290,1785.0,2019,19,205.0,6153258,44.6833647,-93.2201568
Single Family Residential,17904 Greenwich Way,Lakeville,55044,574900,4,3,Summers Creek,3194,4486.0,2022,1,160.0,6164143,44.6913182,-93.2268148
Single Family Residential,17908 Greenwich Way,Lakeville,55044,679900,5,3,Summers Creek,3611,4486.0,2022,1,160.0,6163589,44.6912686,-93.226611
Townhouse,4837 Bisset Ln #8105,Inver Grove Heights,55076,280000,2,2,Inver Grove Heights,1524,26264.151515151516,2005,1,336.0,6164131,44.878561,-93.055997
Condo/Co-op,18500 Euclid St #102,Farmington,55024,215000,2,2,Farmington,1107,26264.151515151516,2000,1,369.0,6164078,44.6822599,-93.1778875
Single Family Residential,6720 134th St W,Apple Valley,55124,399000,4,3,Apple Valley,2348,16552.0,1971,1,0.0,6162036,44.7555777,-93.2016433
Condo/Co-op,150 E Burnsville Pkwy #115,Burnsville,55337,239900,2,2,Burnsville,1568,26264.151515151516,2004,1,527.0,6164022,44.773328,-93.275695
Townhouse,15734 Fox Cir,Apple Valley,55124,339000,3,3,Apple Valley,1913,1913.0,2003,1,254.0,6163635,44.7218369,-93.2031639
Condo/Co-op,12940 Nicollet Ave #301,Burnsville,55337,93400,1,1,Burnsville,675,26264.151515151516,1970,1,378.0,6157419,44.7689412,-93.2786783
Townhouse,4828 Avery Ct,Eagan,55123,420575,3,3,Avery Pines,1854,26264.151515151516,2022,1,250.0,6163340,44.78093687,-93.1136557
Townhouse,4832 Avery Ct,Eagan,55123,401490,3,3,Avery Pines,1854,26264.151515151516,2022,1,250.0,6163357,44.78093687,-93.1136557
Single Family Residential,19384 Ellington Trl,Farmington,55024,400000,3,3,Farmington,2140,10018.0,1994,1,0.0,6162096,44.6691862,-93.1669453
Single Family Residential,950 19th St W,Hastings,55033,342000,4,2,Hastings,1980,9016.0,1976,1,0.0,6163670,44.726605,-92.8646854
Single Family Residential,4796 Eriks Blvd,Eagan,55122,415000,3,2,Eagan,2012,20037.0,1978,1,0.0,6163702,44.7866739,-93.167808
Condo/Co-op,3578 Blue Jay Way #104,Eagan,55123,180000,1,1,Eagan,820,26264.151515151516,1985,1,211.0,6164009,44.8280447,-93.1447126
Townhouse,15608 Eagle Bay Dr,Apple Valley,55124,330000,3,4,Apple Valley,2068,26264.151515151516,2005,1,380.0,6146002,44.7242838,-93.1679263
Townhouse,4128 Durham Ct #137,Eagan,55122,239900,2,1,Eagan,1232,26264.151515151516,1992,1,210.0,6163830,44.8069426,-93.2024788
Townhouse,20868 Glade Ave,Lakeville,55044,509900,3,3,Lakeville,3087,4791.0,2016,1,185.0,6162952,44.6473443,-93.2192076
Single Family Residential,19164 Colonial Trl,Farmington,55024,475000,4,3,Farmington,2275,10018.0,2021,1,175.0,6148790,44.67249295,-93.13966668
Townhouse,18112 Glassfern Ln,Lakeville,55044,439900,4,4,Lakeville,2587,26264.151515151516,2015,1,205.0,6163940,44.6869995,-93.2151815
Townhouse,864 Ivy Ln,Eagan,55123,380000,2,2,Eagan,1136,6969.0,1999,1,390.0,6163954,44.83138,-93.1307209
Single Family Residential,3280 Heritage Ln,Eagan,55121,375000,3,2,Eagan,1851,31188.0,1956,1,0.0,6141734,44.8383496,-93.1860075
Condo/Co-op,4130 Rahn Rd Unit B205,Eagan,55122,119900,2,1,Eagan,900,26264.151515151516,1972,1,399.0,6163503,44.806893,-93.2057051
Townhouse,15081 December Way,Rosemount,55068,280000,3,2,Rosemount,1574,2526.0,1994,1,234.0,6160488,44.731291,-93.151307
Townhouse,7261 Brittany Ln,Inver Grove Heights,55076,249900,3,2,Inver Grove Heights,1378,26264.151515151516,1994,2,250.0,6163506,44.8448741,-93.0527735
Single Family Residential,18382 Hamby Dr,Lakeville,55044,468089,3,2,Pinnacle Reserve,1801,9147.0,2022,3,170.0,6163454,44.68242836,-93.2307826
Single Family Residential,7436 Agate Trl,Inver Grove Heights,55077,849900,5,4,Inver Grove Heights,3885,8712.0,2022,3,0.0,6163459,44.8517582,-93.089612
Townhouse,5046 161st St W,Lakeville,55044,502600,2,3,Spirit of Brandtjen Farm,2025,1306.0,2022,3,492.0,6163444,44.7154571,-93.1675777
Single Family Residential,17082 Hamilton Dr,Lakeville,55044,400000,4,2,Lakeville,2362,13808.0,1987,3,0.0,6151808,44.7028154,-93.226883
Townhouse,13793 Atrium Ave #2702,Rosemount,55068,274900,3,3,Rosemount,1530,26264.151515151516,2005,3,360.0,6163362,44.7493213,-93.0964593
Single Family Residential,1454 Stickney Ave,South Saint Paul,55075,280000,3,2,South Saint Paul,1708,5662.0,1953,3,0.0,6107654,44.9143753,-93.0604567
Townhouse,20042 Ideal Way,Lakeville,55044,375000,3,3,Lakeville,2180,1524.0,1995,4,200.0,6163333,44.659222,-93.253754
Townhouse,12901 Echo Ln,Apple Valley,55124,190000,2,1,Apple Valley,1076,26264.151515151516,1989,4,235.0,6163325,44.7628825,-93.1678868
Single Family Residential,15135 December Trl Unit TRI,Rosemount,55068,429900,5,3,Rosemount,2257,10410.0,1995,4,0.0,6156792,44.7299896,-93.1544569
Single Family Residential,13717 Oakland Dr,Burnsville,55337,375000,4,2,Burnsville,2143,19166.0,1974,4,0.0,6163310,44.7545023,-93.2662602
Townhouse,5052 161st St W,Lakeville,55044,529700,3,3,Spirit of Brandtjen Farm,2045,1524.0,2022,4,492.0,6163294,44.7154639,-93.1676258
Single Family Residential,4745 Bristol Blvd,Eagan,55123,585000,5,4,Eagan,3140,30579.0,1993,4,0.0,6153122,44.784804,-93.1106653
Single Family Residential,2002 Tamarack Ln,Burnsville,55337,359000,4,2,Burnsville,2260,10890.0,1964,4,0.0,6143215,44.7983199,-93.2453598
Single Family Residential,18235 Euclid Ave,Farmington,55024,329900,4,2,Farmington,2158,16552.0,1970,4,0.0,6161220,44.6854184,-93.1789465
Townhouse,7563 Dawn Ave,Inver Grove Heights,55076,199900,3,2,Inver Grove Heights,1616,2221.0,1972,4,278.0,6158333,44.8400156,-93.0249605
Single Family Residential,3621 Sawgrass Trl S,Eagan,55123,815000,5,5,Eagan,4350,12022.0,2014,4,86.0,6160903,44.825264,-93.1380721
Single Family Residential,9605 320th St W,Northfield,55057,2200000,4,5,Northfield,7500,1132560.0,2003,4,0.0,6162542,44.492804,-93.260193
Single Family Residential,10241 205th St W,Lakeville,55044,1390000,3,2,Lakeville,960,49222.0,1920,4,0.0,6162989,44.654697,-93.273092
Multi-Family (2-4 Unit),15713 Maple Island Ct,Burnsville,55306,369900,4,3,Burnsville,2540,7405.0,1990,4,0.0,6162990,44.71876,-93.277979
Single Family Residential,22466 Cantrel Way,Farmington,55024,400000,3,3,Farmington,2559,10018.0,2014,4,0.0,6162936,44.6238354,-93.1331538
Single Family Residential,1403 Featherstone Rd,Hastings,55033,599000,3,2,Hastings,2656,174240.0,1955,4,0.0,6154910,44.745215,-92.881369
Single Family Residential,12974 Findlay Way,Apple Valley,55124,360000,5,2,Apple Valley,1980,11761.0,1973,4,0.0,6162537,44.7602913,-93.1939915
Single Family Residential,576 Michigan Ct,Eagan,55123,459900,4,3,Eagan,2504,30056.0,1976,4,0.0,6158861,44.7952091,-93.1125455
Townhouse,815 Evergreen Cir,Burnsville,55337,239900,3,2,Burnsville,1501,5009.0,1982,4,293.0,6159013,44.7480187,-93.2638208
Condo/Co-op,3100 Riverwood Dr #102,Hastings,55033,165000,2,1,Hastings,983,26264.151515151516,1988,4,250.0,6161772,44.7170558,-92.8687383
Single Family Residential,31630 Eveleth Ave,Northfield,55057,599000,6,4,Northfield,4670,217800.0,1923,4,0.0,6157979,44.4913688,-93.1795545
Single Family Residential,1058 Smith Ave S,West Saint Paul,55118,325000,3,3,West Saint Paul,2172,8755.0,1937,5,0.0,6162802,44.9145109,-93.101481
Single Family Residential,19800 Canada Ave,Farmington,55024,449900,4,3,Farmington,2368,16160.0,1999,5,0.0,6162536,44.6625385,-93.1314296
Condo/Co-op,15400 Chippendale Ave W #203,Rosemount,55068,223900,2,2,Rosemount,1107,26264.151515151516,2002,5,324.0,6162207,44.7251826,-93.1355443
Single Family Residential,13832 Adan Ave,Rosemount,55068,570000,4,4,Rosemount,2447,8668.0,2020,5,33.0,6162789,44.7504983,-93.0780091
Townhouse,5356 Upper 147th St W,Apple Valley,55124,245000,2,1,Apple Valley,1576,26264.151515151516,1988,5,347.0,6162766,44.735612,-93.174707
Single Family Residential,1725 Congress St,South Saint Paul,55075,335000,4,2,South Saint Paul,1835,7187.0,1965,5,0.0,6145103,44.8995755,-93.0561136
Single Family Residential,5612 162nd St W,Lakeville,55044,599900,3,3,Lakeville,2648,10497.0,2018,5,0.0,6162649,44.7144379,-93.1786327
Single Family Residential,5940 Bryant Ln,Inver Grove Heights,55076,665000,5,4,Inver Grove Heights,4021,16727.0,1997,5,2.0,6162390,44.8625678,-93.0474873
Townhouse,14663 Sherwood Pl,Burnsville,55306,319900,3,3,Burnsville,2004,1742.0,1988,5,344.0,6162605,44.736242,-93.263615
Single Family Residential,1221 136th St W,Rosemount,55068,493515,4,3,Ardan Place,2268,13503.0,2022,5,0.0,6162586,44.7514758,-93.1093341
Single Family Residential,14692 Denmark Ct,Apple Valley,55124,385000,5,3,Apple Valley,2672,13068.0,1977,5,0.0,6158296,44.7375948,-93.1567505
Townhouse,4870 Bivens Ct #8701,Inver Grove Heights,55076,260000,3,3,Inver Grove Heights,1776,26264.151515151516,2004,5,336.0,6157796,44.8783889,-93.0544395
Single Family Residential,17985 Equinox Ave,Lakeville,55044,490000,3,3,Lakeville,1968,8276.0,2018,5,0.0,6154349,44.688996,-93.173475
Townhouse,13252 Huntington Ter,Apple Valley,55124,449000,3,3,Apple Valley,2212,3789.0,1998,5,358.0,6154385,44.7565384,-93.2409609
Single Family Residential,958 Humboldt Ave,West Saint Paul,55118,279000,4,2,West Saint Paul,1928,6969.0,1900,5,0.0,6162109,44.9172587,-93.0848008
Single Family Residential,19741 Henley Ln,Lakeville,55044,699900,5,4,Berres Ridge 5th,3516,12980.0,2021,5,0.0,6162412,44.662117,-93.2296832
Single Family Residential,976 Kay Ave,Mendota Heights,55118,440000,3,2,Mendota Heights,2488,16117.0,1958,5,0.0,6154784,44.8849669,-93.1389735
Single Family Residential,126 2nd Ave S,South Saint Paul,55075,299900,3,2,South Saint Paul,1494,5009.0,1916,5,0.0,6162287,44.8897786,-93.0363203
Single Family Residential,19672 Hibbing Way,Lakeville,55044,760000,4,3,Lakeville,3496,12850.0,2017,5,0.0,6162327,44.6654285,-93.2331851
Single Family Residential,18167 Green Gables Trl,Lakeville,55044,559977,4,3,Lakeville,2744,8712.0,2019,6,64.0,6162301,44.6860951,-93.226137
Single Family Residential,14300 Alder Way,Rosemount,55068,611576,5,4,Emerald Isle,3483,12632.0,2022,6,0.0,6162298,44.743566,-93.07728685
Single Family Residential,702 Greten Ln,Hastings,55033,439900,5,3,Hastings,2722,10018.0,2002,6,9.0,6155375,44.7129291,-92.8609445
Single Family Residential,14301 Alder Way,Rosemount,55068,626247,5,4,Emerald Isle,3317,12632.0,2022,6,0.0,6162272,44.74336787,-93.07812369
Single Family Residential,14360 Aspen Ave,Rosemount,55068,606572,5,4,Emerald Isle,3317,9147.0,2022,6,0.0,6157671,44.74222481,-93.07932532
Single Family Residential,18048 Gleaming Ct,Lakeville,55044,570000,4,3,Lakeville,2283,8712.0,2018,6,58.0,6162257,44.6883192,-93.2193646
Townhouse,18602 Jonesboro Ct,Lakeville,55044,374900,3,3,Lakeville,2009,1916.0,2020,6,245.0,6160801,44.680048,-93.2785419
Single Family Residential,18129 Icon Ct,Lakeville,55044,724900,5,4,Lakeville,3867,9104.0,2018,6,0.0,6158370,44.6869475,-93.2497592
Single Family Residential,1065 Keefe St,Eagan,55121,349900,4,2,Eagan,1490,10105.0,1957,6,0.0,6157048,44.8516601,-93.1450487
Single Family Residential,17989 Fullerton Ct,Lakeville,55044,614900,5,4,Lakeville,3982,15681.0,2004,6,0.0,6162041,44.688683,-93.197922
Single Family Residential,825 9th Ave S,South Saint Paul,55075,195000,2,1,South Saint Paul,890,5009.0,1945,6,0.0,6162020,44.8772953,-93.0447295
Single Family Residential,12138 Gantry Ln,Apple Valley,55124,500000,4,4,Apple Valley,3473,20473.0,1990,6,0.0,6158008,44.7726588,-93.210827
Single Family Residential,1793 86th Ct E,Inver Grove Heights,55077,1495000,5,5,Inver Grove Heights,5358,63162.0,2013,6,0.0,6161199,44.825521,-93.0693006
Townhouse,15880 Griffon Path,Apple Valley,55124,240000,2,3,Apple Valley,1570,7274.0,1990,6,244.0,6161838,44.718493,-93.223635
Townhouse,15510 Float Ln #140,Apple Valley,55124,245000,3,1,Apple Valley,1228,26264.151515151516,2001,6,215.0,6161892,44.7245286,-93.1989235
Single Family Residential,14261 Aspen Ave,Rosemount,55068,661400,5,4,Rosemount,3296,9147.0,2022,6,0.0,6161762,44.74328895,-93.0796051
Single Family Residential,1361 143rd St,Rosemount,55068,551900,3,3,Rosemount,2016,9147.0,2022,6,0.0,6161769,44.7439329,-93.0756567
Single Family Residential,3428 70th Ct E,Inver Grove Heights,55076,290000,3,1,Inver Grove Heights,1323,12066.0,1961,7,0.0,6161148,44.8473282,-93.0363594
Single Family Residential,2205 Horizon Pl,Burnsville,55337,395000,3,4,Burnsville,2601,11456.0,1988,7,0.0,6148240,44.7859707,-93.2451242
Single Family Residential,1457 143rd St,Rosemount,55068,662600,4,3,Emerald Isle,2536,10454.0,2022,7,0.0,6161667,44.7431657,-93.0818536
Single Family Residential,13600 Carrakay Way,Rosemount,55068,493805,3,4,Ardan Place,2242,9147.0,2022,7,0.0,6161602,44.7618419,-93.0888872
Single Family Residential,1313 143rd St,Rosemount,55068,602300,4,3,Rosemount,2552,9147.0,2022,7,0.0,6161556,44.74471564,-93.08172251
Single Family Residential,23680 Main St,Hampton,55031,325000,4,3,Hampton,1976,13068.0,1987,7,0.0,6160907,44.6065504,-92.9974421
Single Family Residential,517 8th St W,Hastings,55033,199900,3,1,Hastings,1457,9931.0,1875,7,0.0,6156752,44.7381083,-92.8585287
Townhouse,4773 Blaine Ave,Inver Grove Heights,55076,250000,2,2,Inver Grove Heights,1590,26264.151515151516,2003,7,300.0,6160983,44.879254,-93.0587503
Single Family Residential,19969 Harrisburg Way,Lakeville,55044,730995,4,3,Lakeville,2755,11674.0,2022,7,0.0,6159653,44.66029356,-93.22919211
Townhouse,15963 Hyland Dr,Apple Valley,55124,349900,3,3,Apple Valley,2242,2613.0,1997,7,220.0,6161320,44.718154,-93.244484
Single Family Residential,18172 Glanshaw Ave,Lakeville,55044,535000,4,3,Lakeville,2420,9191.0,2018,7,56.0,6153054,44.6859778,-93.214026
Single Family Residential,2308 E 123rd St,Burnsville,55337,390000,4,2,Burnsville,2192,11456.0,1977,7,0.0,6161058,44.7803747,-93.2432585
Single Family Residential,603 Quie Ln,Northfield,55057,474900,3,3,Northfield,2415,16988.0,1996,7,0.0,6160921,44.4751491,-93.1686119
Single Family Residential,685 Shelerud Dr,Eagan,55123,595000,6,3,Eagan,3362,12066.0,2004,8,0.0,6141160,44.7887355,-93.1193617
Condo/Co-op,1700 Four Oaks Rd #329,Eagan,55121,149900,1,1,Eagan,780,26264.151515151516,1979,8,242.0,6161089,44.8425826,-93.1834968
Single Family Residential,1902 Ridge Ln,Hastings,55033,357000,4,2,Hastings,1950,10759.0,1976,8,0.0,6161070,44.7261327,-92.8667313
Single Family Residential,4785 Beacon Hill Rd,Eagan,55122,475000,4,2,Eagan,2368,15812.0,1981,8,0.0,6161043,44.7838551,-93.1778286
Single Family Residential,19365 Crocus Pl,Farmington,55024,417990,3,3,North Creek,2033,8276.0,2022,8,36.0,6161014,44.67297,-93.140858
Single Family Residential,19270 Euclid Path,Farmington,55024,350000,4,2,Farmington,1884,11761.0,1988,8,0.0,6160828,44.6699819,-93.1785739
Single Family Residential,13620 Carrakay Way,Rosemount,55068,481805,4,2,Ardan Place,1988,9147.0,2022,8,0.0,6157901,44.75186336,-93.0917644
Townhouse,8744 Bechtel Ave #109,Inver Grove Heights,55076,214900,2,2,Inver Grove Heights,1260,26264.151515151516,1996,8,289.0,6160849,44.82286,-93.043502
Single Family Residential,18605 Harcourt Path,Lakeville,55044,484515,4,4,The Grove at Avonlea,1870,8712.0,2022,8,64.0,6160572,44.6792578,-93.229234
Single Family Residential,3671 250th St W,Farmington,55024,1600000,5,4,Farmington,4530,871200.0,1970,8,0.0,6160637,44.5876159,-93.1402277
Single Family Residential,6755 Blaine Ave,Inver Grove Heights,55076,370000,4,2,Inver Grove Heights,1792,35283.0,1963,8,0.0,6155868,44.8514045,-93.0553898
Townhouse,5469 Bryce Ave,Inver Grove Heights,55076,245000,3,2,Inver Grove Heights,1495,2003.0,2004,8,219.0,6158976,44.867996,-93.0472
Townhouse,15868 Freedom Ln,Apple Valley,55124,339900,3,3,Apple Valley,1686,1437.0,2004,8,254.0,6160652,44.718917,-93.206071
Single Family Residential,18080 Gleaming Path,Lakeville,55044,505135,4,3,The Grove at Avonlea,2328,8712.0,2022,9,64.0,6160571,44.6879396,-93.2198357
Townhouse,16150 Eagleview Dr,Lakeville,55044,534100,2,3,Spirit of Brandtjen Farm,2045,1306.0,2022,9,492.0,6160562,44.715218,-93.1677196
Townhouse,20117 Geneva Trl,Lakeville,55044,541720,3,2,Cedar Hills,1930,4791.0,2021,9,130.0,6160536,44.6589,-93.2157
Single Family Residential,206 Stanley St,West Saint Paul,55118,249999,3,2,West Saint Paul,1043,9975.0,1936,9,0.0,6140869,44.9131034,-93.0766195
Single Family Residential,5590 Upper 179th St W,Lakeville,55044,579200,4,3,Knob Hill,2552,8407.0,2022,10,0.0,6160456,44.68884814,-93.17836786
Single Family Residential,20360 Gateway Dr W,Lakeville,55044,598795,4,3,Cedar Hills,2355,10018.0,2021,10,50.0,6160474,44.6589,-93.2157
Single Family Residential,17865 Evershed Way,Lakeville,55044,699400,5,4,Knob Hill,3310,8712.0,2022,10,0.0,6158869,44.6913659,-93.1850277
Single Family Residential,17971 Hawksbill Dr,Lakeville,55044,642900,5,4,Summer's Creek,3296,11325.0,2022,10,0.0,6160463,44.6897823,-93.2300103
Single Family Residential,17948 Eclipse Ave,Lakeville,55044,609100,5,4,Lakeville,3296,9278.0,2022,10,0.0,6159739,44.689031,-93.1692304
Single Family Residential,17967 Hawksbill Dr,Lakeville,55044,624999,5,4,Summer's Creek,2910,9626.0,2022,10,0.0,6160446,44.6899692,-93.2299754
Single Family Residential,7388 204th St W,Lakeville,55044,559970,4,3,Cedar Hills,2271,11325.0,2021,10,50.0,6160401,44.6589,-93.2157
Single Family Residential,13645 Danube Ln,Rosemount,55068,652000,6,4,Rosemount,3370,14984.0,1991,11,5.0,6160301,44.7514348,-93.1511834
Single Family Residential,8212 198th St W,Lakeville,55044,769900,5,4,Berres Ridge,3999,13068.0,2022,11,0.0,6160238,44.6633652,-93.232005
Single Family Residential,241 Pinewood Dr,Apple Valley,55124,299900,3,2,Apple Valley,2024,14374.0,1965,11,0.0,6160160,44.7378747,-93.2403914
Single Family Residential,12570 Arklow Ave,Rosemount,55068,734735,4,4,Meadow Ridge,3194,10454.0,2022,11,13.0,6160169,44.7639052,-93.0865178
Single Family Residential,14194 Garland Ave,Apple Valley,55124,400000,4,2,Apple Valley,1903,15071.0,1969,11,0.0,6159975,44.7439497,-93.2098653
Single Family Residential,17901 Hayes Ave,Lakeville,55044,674900,4,3,Summer's Creek,2688,15115.0,2022,11,0.0,6159974,44.691262,-93.2324162
Single Family Residential,13678 Applewood Trl,Rosemount,55068,488830,3,2,Caramore Crossing,1485,11325.0,2022,11,165.0,6159650,44.75510462,-93.08662589
Townhouse,16418 Elm Creek Ln #4027,Lakeville,55044,295000,3,3,Lakeville,1420,26264.151515151516,2007,11,250.0,6159425,44.712671,-93.177891
Single Family Residential,5525 Annette Ave,Inver Grove Heights,55077,410000,4,3,Inver Grove Heights,2252,11325.0,1973,12,0.0,6159631,44.8688205,-93.0757388
Single Family Residential,8630 Crismon Way,Inver Grove Heights,55076,850000,5,5,Inver Grove Heights,4393,20691.0,2013,12,0.0,6120673,44.8253502,-93.0221649
Townhouse,13868 Kaylemore Trl,Rosemount,55068,382250,3,3,Ardan Place,1894,1690.0,2022,12,235.0,6159634,44.75237217,-93.09053522
Single Family Residential,16396 Duluth Trl,Lakeville,55044,1096215,5,5,Spirit of Brandtjen Farm,5341,12196.0,2022,12,95.0,6159566,44.7111394,-93.1602704
Condo/Co-op,14575 Burma Ave W #105,Rosemount,55068,215000,2,2,Rosemount,1270,26264.151515151516,1988,12,351.0,6159508,44.7383641,-93.124975
Townhouse,13852 Kaylemore Trl,Rosemount,55068,397750,3,3,Ardan Place,1894,2178.0,2022,12,235.0,6159581,44.75237217,-93.09053522
Single Family Residential,22996 Nicolai Ave,Hastings,55033,662000,3,4,Hastings,2427,68040.0,1959,12,0.0,6159548,44.6155061,-92.8122624
Single Family Residential,2082 Emerald Ln,Eagan,55122,346000,3,1,Eagan,1218,9147.0,1959,12,0.0,6159487,44.8080271,-93.2128288
Single Family Residential,20045 Rhoda Ave,Welch,55089,750000,3,3,Welch,2539,645559.0,1986,12,0.0,6158191,44.658677,-92.740701
Single Family Residential,113 Shoshoni Trl,Apple Valley,55124,427000,4,2,Apple Valley,2145,17424.0,1970,12,0.0,6159300,44.7655697,-93.2339901
Single Family Residential,12800 Country View Ln,Burnsville,55337,435000,5,3,Burnsville,1938,12675.0,1975,12,0.0,6159250,44.7716159,-93.2510162
Single Family Residential,269 Edgewood Ln,West Saint Paul,55118,1685000,4,5,West Saint Paul,5412,24480.0,2018,13,0.0,6112742,44.8880648,-93.0967312
Single Family Residential,17918 Eclipse Ave,Lakeville,55044,556050,4,3,Pheasant Run,2160,8407.0,2022,13,0.0,6159049,44.689031,-93.1692304
Single Family Residential,5805 178th St W,Lakeville,55044,533000,4,3,Knob Hill,2186,8712.0,2022,13,0.0,6158968,44.69189183,-93.18303668
Single Family Residential,5745 Upper 179th St W,Lakeville,55044,616900,4,3,Knob Hill,2688,10193.0,2022,13,0.0,6158991,44.6896681,-93.18350698
Single Family Residential,689 Mcfaddens Trl,Eagan,55123,649500,5,4,Eagan,3470,14549.0,2002,13,0.0,6157696,44.7862585,-93.1196947
Single Family Residential,16836 Jonquil Trl,Lakeville,55044,430000,3,2,Lakeville,2433,8668.0,1987,14,0.0,6158679,44.7033792,-93.2798582
Single Family Residential,18528 Hexham Ln,Lakeville,55044,569000,4,3,Lakeville,2202,12632.0,2022,14,0.0,6158548,44.6617724,-93.2341122
Single Family Residential,13541 Carrakay Way,Rosemount,55068,469295,3,2,Oneka Place,1866,13503.0,2022,14,0.0,6158004,44.75293459,-93.09117781
Single Family Residential,5748 178th St W,Lakeville,55024,576793,5,3,Knob Hill,2735,12632.0,2022,14,0.0,6158386,44.6912872,-93.1881513
Townhouse,7629 Carla Path,Inver Grove Heights,55076,387660,3,3,South Grove,1932,1320.0,2022,14,208.0,6158027,44.838845,-93.034345
Townhouse,7625 Carla Path,Inver Grove Heights,55076,397335,3,3,South Grove,2082,1320.0,2021,14,208.0,6158274,44.838845,-93.034345
Single Family Residential,14221 Aspen Ave,Rosemount,55068,655832,4,4,Emerald Isle,3085,9365.0,2021,14,0.0,6158176,44.74390722,-93.07984752
Single Family Residential,7698 204th St W,Lakeville,55044,715414,5,4,Aspen Grove,3777,8712.0,2021,14,0.0,6158175,44.6525927,-93.2240593
Condo/Co-op,2103 Silver Bell Rd #216,Eagan,55122,220000,1,2,Eagan,1065,26264.151515151516,2005,15,341.0,6158005,44.8214987,-93.2125736
Single Family Residential,17858 Hamburg Ave,Lakeville,55044,504000,2,2,Lakeville,1634,4356.0,2022,15,160.0,6157827,44.691936,-93.2254415
Single Family Residential,6715 290th St W,Northfield,55057,875000,5,4,Northfield,4910,217800.0,2000,15,0.0,6157557,44.530011,-93.202395
Townhouse,18114 Garland Path,Lakeville,55044,440010,3,3,Lakeville,2069,3049.0,2022,16,185.0,6157437,44.68791549,-93.20758961
Single Family Residential,5903 178th St,Lakeville,55044,572700,3,3,Lakeville,2785,9147.0,2022,17,0.0,6157372,44.69183756,-93.18716225
Townhouse,4646 Blaylock Way #3502,Inver Grove Heights,55076,314900,4,3,Inver Grove Heights,1874,26264.151515151516,2004,19,309.0,6149828,44.881936,-93.058195
Single Family Residential,1017 3rd St W,Hastings,55033,299900,4,2,Hastings,1856,9583.0,1961,19,0.0,6155407,44.7430583,-92.8706285
Condo/Co-op,12848 Nicollet Ave #102,Burnsville,55337,94900,1,1,Burnsville,650,26264.151515151516,1970,19,328.0,6156684,44.7690896,-93.280206
Single Family Residential,13299 Bronze Pkwy,Rosemount,55068,490000,4,3,Rosemount,2854,9147.0,2010,19,45.0,6156558,44.7553476,-93.1225547
Single Family Residential,1064 Humboldt Ave,West Saint Paul,55118,369900,5,2,West Saint Paul,2300,8712.0,1873,19,0.0,6156424,44.9142501,-93.0848204
Townhouse,695 E Burnsville Pkwy #19,Burnsville,55337,235000,3,2,Burnsville,1004,26264.151515151516,1978,19,304.0,6156465,44.775524,-93.2653684
Townhouse,20870 Goodhue Way,Lakeville,55044,475000,3,3,Lakeville,2356,4748.0,2016,19,185.0,6153098,44.6472356,-93.2204639
Single Family Residential,13633 Washburn Ave S,Burnsville,55337,357000,3,2,Burnsville,1093,16552.0,1963,19,0.0,6156431,44.7548427,-93.3161312
Townhouse,14560 Twin Lakes Cir,Burnsville,55306,415000,3,3,The Reserve at Twin Lakes,1877,1650.0,2022,19,220.0,6156432,44.7379058,-93.2811319
Townhouse,14564 Twin Lakes Cir,Burnsville,55306,440000,3,3,The Reserve at Twin Lakes,1831,2068.0,2022,19,220.0,6156428,44.737843,-93.2811451
Townhouse,14572 Twin Lakes Cir,Burnsville,55306,415000,3,3,The Reserve at Twin Lakes,1877,1650.0,2022,19,220.0,6156426,44.7378862,-93.2806719
Townhouse,14576 Twin Lakes Cir,Burnsville,55306,440000,3,3,The Reserve at Twin Lakes,1831,2068.0,2022,19,220.0,6156420,44.7378822,-93.28058
Single Family Residential,16529 Joplin Path,Lakeville,55044,425000,4,2,Lakeville,1760,8581.0,1989,19,0.0,6156419,44.7093269,-93.2786987
Townhouse,14592 Twin Lakes Cir,Burnsville,55306,445000,3,3,The Reserve at Twin Lakes,1831,2068.0,2022,19,220.0,6156417,44.7378715,-93.2802023
Townhouse,1205 Hawthorne Ct,Northfield,55057,235000,3,2,Northfield,1403,1742.0,2000,19,237.0,6154177,44.472257,-93.179819
Townhouse,14600 Twin Lakes Cir,Burnsville,55306,410000,3,3,The Reserve at Twin Lakes,1877,1650.0,2021,19,220.0,6156414,44.7378642,-93.2800024
Townhouse,18353 Gladden Ln,Lakeville,55044,440000,3,3,Lakeville,1800,1785.0,2019,19,197.0,6156391,44.6830657,-93.2195125
Single Family Residential,13590 Blackbird Way,Rosemount,55068,564500,4,3,Rosemount,2373,7881.0,2022,19,0.0,6156251,44.75189461,-93.1110577
Multi-Family (2-4 Unit),3XX South Street W St W Unit A,South Saint Paul,55075,349000,2,2,South Street Flats,1158,3920.0,2022,19,210.0,6156204,44.86560472,-93.03878616
Townhouse,4704 Anne Pt,Eagan,55122,250000,2,2,Eagan,1112,3179.0,1980,20,210.0,6156199,44.786297,-93.188359
Single Family Residential,18157 Greyhaven Path,Lakeville,55044,499000,4,3,Lakeville,1918,8842.0,2018,20,64.0,6156312,44.6867546,-93.2254892
Single Family Residential,20595 Roe Ave,Welch,55089,499000,2,2,Welch,1612,238403.0,1980,20,0.0,6155047,44.649685,-92.738521
Single Family Residential,5889 178th St W,Lakeville,55024,559900,3,3,Lakeville,2331,8276.0,2022,20,0.0,6156277,44.6916853,-93.1876731
Single Family Residential,1770 Dodd Rd,Mendota Heights,55118,1599500,4,3,Mendota Heights,4007,33541.0,2022,20,0.0,6156239,44.8918733,-93.119205
Single Family Residential,1019 Smith Ave S,West Saint Paul,55118,309000,3,2,West Saint Paul,1485,6534.0,1932,20,0.0,6156081,44.9154055,-93.1021076
Single Family Residential,19774 Henning Ave,Lakeville,55044,835900,5,5,Lakeville,4801,12196.0,2022,20,0.0,6155996,44.6640107,-93.2327123
Single Family Residential,17879 Hamburg Ave,Lakeville,55044,584000,4,3,Lakeville,2545,4486.0,2021,21,160.0,6155637,44.6926676,-93.2262744
Single Family Residential,778 Summerbrooke Ct,Eagan,55123,724900,4,3,Eagan,2407,8712.0,2022,22,0.0,6155028,44.8050078,-93.1250935
Single Family Residential,12554 Ardmore Ave,Rosemount,55068,567115,4,3,Meadow Ridge,2692,9147.0,2022,23,13.0,6154932,44.7642,-93.0877
Single Family Residential,16409 Duluth Trl,Lakeville,55044,947910,5,5,Spirit of Brandtjen Farm,4641,10018.0,2022,24,95.0,6154854,44.7114024,-93.1614828
Single Family Residential,17817 Graphite Ln,Lakeville,55044,519498,2,2,Summer Creek,1773,4486.0,2022,24,160.0,6154839,44.6931423,-93.2237198
Single Family Residential,7446 Upper 164th St W,Lakeville,55068,393600,5,3,Lakeville,2721,11325.0,1969,24,0.0,6154774,44.7103763,-93.2165382
Single Family Residential,17849 Graphite Ln,Lakeville,55044,489322,3,2,Summers Creek,1689,4486.0,2022,24,160.0,6154776,44.6929536,-93.2245191
Single Family Residential,5982 133rd Street Ct,Apple Valley,55124,483000,4,3,Apple Valley,2170,35632.0,1977,25,0.0,6154722,44.7527678,-93.1849875
Single Family Residential,1910 Oak St,Hastings,55033,312500,4,2,Hastings,1895,9104.0,1960,25,0.0,6154577,44.7258538,-92.8617823
Single Family Residential,16393 Dryden Rd,Lakeville,55044,992105,5,5,Spirit of Brandtjen Farm,4866,12196.0,2022,26,95.0,6154244,44.7145028,-93.1608972
Single Family Residential,13566 Blackbird Way,Rosemount,55068,524900,3,2,Doolin Heights,1373,6969.0,2022,26,0.0,6154118,44.73541,-93.131185
Single Family Residential,909 Park Pl,Burnsville,55337,415000,4,2,Burnsville,1914,12545.0,1980,26,0.0,6154064,44.7467481,-93.2616826
Townhouse,4426 Cinnamon Ridge Trl,Eagan,55122,260000,4,2,Eagan,1538,9888.0,1987,26,120.0,6153963,44.7955579,-93.2229742
Townhouse,6578 154th St W #131,Apple Valley,55124,270000,2,1,Apple Valley,1426,26264.151515151516,2001,26,112.0,6153920,44.7256942,-93.2001726
Single Family Residential,2808 Williams Dr,Burnsville,55337,370000,3,3,Burnsville,1490,30230.0,1963,26,0.0,6153901,44.7699469,-93.3162098
Single Family Residential,18599 Hidden Way,Lakeville,55044,599900,4,3,Redstone,2323,10454.0,2022,26,0.0,6153855,44.67966261,-93.23016299
Single Family Residential,3592 76th Ln E,Inver Grove Heights,55076,445045,2,2,South Grove,1742,6969.0,2022,27,0.0,6153639,44.838845,-93.034345
Single Family Residential,18527 Hexham Ln,Lakeville,55044,624900,3,3,Lakeville,2441,11761.0,2022,27,0.0,6153668,44.6617724,-93.2341122
Single Family Residential,7910 280th St W,Farmington,55024,857000,5,4,Farmington,5026,175808.0,1991,28,0.0,6153059,44.5431909,-93.2258818
Single Family Residential,19790 Hamburg Ave,Lakeville,55044,654900,3,3,Berres Ridge,2442,13503.0,2022,28,0.0,6153277,44.659652,-93.2274926
Single Family Residential,17944 Exeter Cir,Lakeville,55024,659900,5,4,Lakeville,3207,12196.0,2022,28,0.0,6153037,44.688108,-93.1861799
Single Family Residential,8163 187th St W,Lakeville,55044,521590,4,3,The Grove at Avonlea,2328,8712.0,2022,29,64.0,6152877,44.6792761,-93.2309712
Single Family Residential,18817 Hammond Dr,Lakeville,55044,562685,4,3,The Grove at Avonlea,2185,8712.0,2022,29,64.0,6152866,44.6777465,-93.2306976
Single Family Residential,1413 Vince Trl,Eagan,55121,784900,4,4,Eagan,2976,16117.0,2022,29,0.0,6152545,44.8491981,-93.170043
Single Family Residential,607 Watersedge Ter,Mendota Heights,55120,895000,4,5,Mendota Heights,4460,17542.0,1991,29,0.0,6152508,44.8701705,-93.1115466
Single Family Residential,9862 189th St W,Lakeville,55044,760927,4,4,Preserve of Lakeville,3272,12763.0,2022,30,0.0,6152411,44.6756013,-93.2653483
Townhouse,2522 49th St E #7106,Inver Grove Heights,55076,315000,2,2,Inver Grove Heights,1824,26264.151515151516,2004,31,293.0,6152277,44.876797,-93.051868
Single Family Residential,2340 136th Ct W,Rosemount,55068,899900,5,5,Doolin Heights,3959,10018.0,2022,32,0.0,6152149,44.7518959,-93.1522496
Single Family Residential,4401 Slater Rd,Eagan,55122,385000,3,2,Eagan,1540,8581.0,1985,32,0.0,6151720,44.796695,-93.2246058
Single Family Residential,249 15th St,Farmington,55024,489900,4,3,Sapphire Lake,2452,9583.0,2022,33,0.0,6151667,44.64040908,-93.1250276
Single Family Residential,1541 Spruce St,Farmington,55024,613900,5,4,Sapphire Lake,3449,7840.0,2022,33,0.0,6151657,44.639239,-93.122989
Single Family Residential,225 15th St,Farmington,55024,474900,5,3,Sapphire Lake,2707,10890.0,2022,33,0.0,6151635,44.640569,-93.1249904
Single Family Residential,15255 Dupont Path,Apple Valley,55124,463000,4,3,Apple Valley,2183,5270.0,1999,34,55.0,6151342,44.7282483,-93.1644944
Single Family Residential,7075 182 St,Lakeville,55044,690855,6,6,Glacier Creek,3910,9147.0,2022,34,0.0,6151206,44.6851919,-93.2219601
Single Family Residential,8718 Alvarado Trl,Inver Grove Heights,55077,1995000,5,8,Inver Grove Heights,8887,274428.0,2005,34,0.0,6141802,44.8233635,-93.0877175
Single Family Residential,1460 142nd Ct E,Rosemount,55068,679900,4,4,Rosemount,2680,13939.0,2022,35,0.0,6150496,44.7426727,-93.0986576
Single Family Residential,14341 Aspen Ave,Rosemount,55068,545000,3,3,Rosemount,1968,10454.0,2020,35,0.0,6150481,44.74414242,-93.07703018
Single Family Residential,1410 142nd Ct E,Rosemount,55068,576200,4,3,Rosemount,2464,9147.0,2022,35,0.0,6150366,44.7426727,-93.0986576
Single Family Residential,1409 143rd St E,Rosemount,55068,565000,4,3,Rosemount,2160,11194.0,2022,35,0.0,6150362,44.7431657,-93.0818536
Single Family Residential,17924 Greenwich Way,Lakeville,55044,594900,2,2,Summers Creek,1796,4486.0,2022,36,160.0,6150260,44.6906471,-93.2250393
Townhouse,4840 Steeplechase Cir #11,Eagan,55122,595000,3,3,Eagan,3046,26264.151515151516,2007,38,505.0,6149547,44.7798824,-93.1687884
Townhouse,2107 Cedar Grove Trl #103,Eagan,55122,340000,2,3,Eagan,1730,26264.151515151516,2005,38,289.0,6149571,44.8140686,-93.212397
Single Family Residential,16219 Hawthorn Path,Lakeville,55044,650000,5,4,Lakeville,4180,20647.0,2003,38,10.0,6149577,44.7140941,-93.2385848
Single Family Residential,XXXX Fallbrooke Dr,Hastings,55033,555900,4,4,Heritage Ridge,2196,13068.0,2022,39,36.0,6149521,44.72463024,-92.89396396
Single Family Residential,1816 Fallbrooke Dr,Hastings,55033,564900,3,3,Heritage Ridge,2658,7226.0,2021,39,172.0,6149256,44.7248982,-92.8932015
Single Family Residential,25 Sunny Side Ln,Sunfish Lake,55118,2225000,6,6,Sunfish Lake,7952,153766.0,1990,39,0.0,6149380,44.876422,-93.092212
Single Family Residential,1811 Fallbrooke Dr,Hastings,55033,634900,5,5,Heritage Ridge,3352,8668.0,2021,39,36.0,6149246,44.7243295,-92.8932116
Townhouse,7605 Cody Ln E,Inver Grove Heights,55076,385650,3,3,South Grove,1932,26264.151515151516,2022,40,208.0,6148648,44.838845,-93.034345
Single Family Residential,3564 76th Ln E,Inver Grove Heights,55076,448695,2,2,South Grove,1734,6534.0,2022,40,0.0,6148500,44.838845,-93.034345
Single Family Residential,19715 Java Path,Lakeville,55044,435000,4,2,Lakeville,2012,7753.0,1972,40,0.0,6148705,44.663944,-93.2744539
Single Family Residential,13997 Ashford Path,Rosemount,55068,590000,5,4,Rosemount,2871,11064.0,2017,40,0.0,6148674,44.7477781,-93.0866213
Single Family Residential,14909 Oak Ridge Ct W,Burnsville,55306,515000,3,4,Burnsville,2994,10846.0,1995,40,0.0,6148662,44.7333493,-93.2918872
Single Family Residential,16978 Galleon Cir,Lakeville,55068,579495,4,3,Lakeville,2214,13068.0,2022,41,0.0,6147113,44.7034032,-93.2059602
Single Family Residential,17829 Embers Ave,Lakeville,55044,499900,5,3,Pheasant Run 7th,2528,8712.0,2022,41,0.0,6148253,44.69245124,-93.17182457
Single Family Residential,4009 Haven Woods Ct,Eagan,55123,1600000,4,3,Wood Haven,3730,15246.0,2022,42,0.0,6146687,44.81250837,-93.11526319
Single Family Residential,13642 Applewood Trl,Rosemount,55068,460110,3,2,Caramore Crossing,1749,7405.0,2021,43,165.0,6147653,44.75406746,-93.08902913
Single Family Residential,18750 Hancock Ave,Lakeville,55044,493200,4,4,The Grove at Avonlea,1870,8712.0,2021,43,64.0,6147643,44.67862338,-93.2307412
Single Family Residential,13401 Ardroe Ave,Rosemount,55068,514274,2,2,Caramore Crossing,1749,12632.0,2021,44,165.0,6147208,44.7618419,-93.0888872
Condo/Co-op,7070 153rd St W #313,Apple Valley,55124,62705,1,2,Apple Valley,1069,26264.151515151516,2018,46,1875.0,6146840,44.7267837,-93.208992
Single Family Residential,19814 Hamburg Ave,Lakeville,55044,639900,3,3,Berres Ridge,2438,11325.0,2022,46,0.0,6146844,44.6870702,-93.2270188
Townhouse,1591 Four Oaks Rd,Eagan,55121,290000,2,2,Eagan,1515,1742.0,1982,46,255.0,6146465,44.843221,-93.179812
Single Family Residential,1301 Orchard Dr,Burnsville,55306,361000,3,2,Burnsville,1805,15986.0,1963,47,0.0,6146551,44.7294462,-93.2958779
Single Family Residential,13634 Applewood Trl,Rosemount,55068,493575,3,2,Rosemount,1866,9583.0,2021,47,165.0,6146487,44.75456254,-93.08845689
Condo/Co-op,12812 Nicollet Ave #302,Burnsville,55337,115000,2,1,Burnsville,950,26264.151515151516,1970,47,450.0,6134997,44.7690896,-93.280206
Townhouse,13582 Bronze Pkwy,Rosemount,55068,275000,2,2,Rosemount,1082,784.0,2010,47,210.0,6146391,44.7531169,-93.120917
Single Family Residential,18397 Everest Path,Farmington,55024,475000,4,3,Farmington,2574,12850.0,1998,47,0.0,6146378,44.6820733,-93.1865763
Single Family Residential,19852 Iberis Ave,Lakeville,55044,561000,4,3,Lakeville,2727,9801.0,2013,47,0.0,6146353,44.6623356,-93.2492092
Single Family Residential,7830 Adler Trl,Inver Grove Heights,55076,547000,4,4,Inver Grove Heights,2405,26264.151515151516,2022,47,66.0,6146265,44.83543063,-93.0767363
Single Family Residential,17862 Hamburg Ave,Lakeville,55044,495000,2,2,Lakeville,1592,26264.151515151516,2022,48,160.0,6146109,44.6920259,-93.2256462
Single Family Residential,19231 Colonial Trl,Farmington,55024,549490,3,3,North Creek,2938,8276.0,2021,48,166.0,6146113,44.67108381,-93.14026057
Townhouse,5048 217th St W,Farmington,55024,470000,2,2,Vita Attiva at South Creek,1481,6534.0,2022,50,269.0,6145205,44.63657854,-93.16887358
Townhouse,5016 217th St W,Farmington,55024,535000,3,3,Vita Attiva At South Creek,1830,6534.0,2022,50,269.0,6145276,44.63662946,-93.16949392
Townhouse,5032 217th St W,Farmington,55024,510000,2,2,Vita Attiva at South Creek,1503,6534.0,2022,50,269.0,6145228,44.63654018,-93.16877151
Townhouse,4908 Steeplechase Ct #38,Eagan,55122,617000,4,4,Eagan,4050,26264.151515151516,2006,50,442.0,6145450,44.78019,-93.16994
Single Family Residential,19146 Cottage Rd,Farmington,55024,476925,3,2,North Creek,1890,6534.0,2022,50,166.0,6143392,44.672977,-93.140881
Condo/Co-op,221 Grand Ave W #109,South Saint Paul,55075,119000,2,1,South Saint Paul,910,26264.151515151516,1986,50,344.0,6145359,44.8923073,-93.0365745
Single Family Residential,5846 178th St W,Lakeville,55024,589900,3,3,Lakeville,2100,8407.0,2022,50,0.0,6145056,44.6912872,-93.1881513
Single Family Residential,18237 Glacier Way,Lakeville,55044,788619,5,5,Glacier Creek,3921,10018.0,2021,51,0.0,6144947,44.68528345,-93.21051008
Single Family Residential,7387 Degrio Way,Inver Grove Heights,55076,369940,2,1,Ruby Meadows,1106,2265.0,2022,52,0.0,6138726,44.842167,-93.023013
Single Family Residential,19808 Hamburg Ave,Lakeville,55044,711446,5,4,Berres Ridge,3716,12196.0,2022,52,0.0,6144801,44.6870702,-93.2270188
Multi-Family (2-4 Unit),1020 5th Ave S Unit B,South Saint Paul,55075,379900,4,3,South Saint Paul,2184,9888.0,2021,53,0.0,6144540,44.873747,-93.040261
Multi-Family (2-4 Unit),1020 5th Ave S Unit A,South Saint Paul,55075,379900,4,3,South Saint Paul,2184,9888.0,2021,53,0.0,6144352,44.873747,-93.040261
Single Family Residential,8680 Hunters Way,Apple Valley,55124,536000,4,3,Apple Valley,3575,22215.0,1981,54,0.0,6144113,44.7592855,-93.239547
Single Family Residential,311 Timberland Dr,Burnsville,55337,396000,3,3,Burnsville,1400,22172.0,1958,54,0.0,6144021,44.7611889,-93.28316
Condo/Co-op,12444 Pilot Knob Rd #314,Apple Valley,55124,299320,2,2,Apple Valley,1641,26264.151515151516,2020,55,818.0,6143897,44.768847,-93.165075
Townhouse,7613 Cody Ln,Inver Grove Heights,55076,398950,3,3,South Grove,2082,26264.151515151516,2021,55,208.0,6143731,44.838845,-93.034345
Townhouse,18642 Kalmar Path,Lakeville,55044,319995,2,2,Lakeville,1493,2874.0,2000,57,353.0,6142932,44.6796642,-93.2860492
Single Family Residential,17741 Everest Ave,Lakeville,55044,429900,2,2,Knob Hill Association,1500,2787.0,2021,59,145.0,6142738,44.69176352,-93.17999149
Single Family Residential,17904 Evening Ln,Lakeville,55024,599900,5,4,Knob Hill,2960,13068.0,2019,59,0.0,6142726,44.6904048,-93.181457
Single Family Residential,14209 Addison Ave,Rosemount,55068,586808,5,4,Emerald Isle,2929,9147.0,2021,59,0.0,6142720,44.7455154,-93.0781303
Single Family Residential,19342 Clearwater Loop,Farmington,55024,464490,3,3,North Creek,1982,8276.0,2021,62,35.0,6141671,44.6696426,-93.13837647
Single Family Residential,17866 Hamburg Ave,Lakeville,55044,537000,3,3,Lakeville,2432,4486.0,2022,63,160.0,6141309,44.6920758,-93.2258229
Single Family Residential,7805 Ava Trl,Inver Grove Heights,55077,537000,4,3,Inver Grove Heights,2365,26264.151515151516,2022,63,66.0,6141223,44.83515674,-93.07691869
Single Family Residential,8140 198th St W,Lakeville,55044,838068,4,3,Lakeville,3620,13939.0,2022,64,0.0,6140496,44.6628851,-93.2595017
Single Family Residential,8122 198th St W,Lakeville,55044,737306,4,3,Lakeville,2900,17424.0,2022,64,0.0,6140495,44.6628851,-93.2595017
Multi-Family (2-4 Unit),3871 Gold Pt Unit B,Eagan,55122,239000,2,1,Eagan,1572,26264.151515151516,1898,66,275.0,6140558,44.816667,-93.205325
Townhouse,16102 Duvane Way,Lakeville,55044,488805,3,2,Spirit of Brandtjen Farms,1714,2613.0,2021,68,272.0,6138934,44.7160991,-93.1663519
Townhouse,5001 162nd St W,Lakeville,55044,527400,3,3,Spirit of Brandtjen Farm,2025,1306.0,2022,68,492.0,6138927,44.7149817,-93.1667219
Townhouse,4995 162nd St W,Lakeville,55044,562650,2,3,Spirit of Brandtjen Farm,2045,1524.0,2022,68,492.0,6138925,44.7149855,-93.1666307
Condo/Co-op,500 Greenhaven Dr #223,Burnsville,55306,219999,1,1,Burnsville,1200,1200.0,2004,68,447.0,6139736,44.7288849,-93.2854792
Single Family Residential,8286 183rd St W,Lakeville,55044,474615,2,2,Pinnacle Reserve,1749,8712.0,2021,69,170.0,6139692,44.6826011,-93.2313713
Single Family Residential,17942 Gresford Ln,Lakeville,55044,649900,4,3,Summers Creek,3136,4486.0,2021,71,160.0,6139020,44.6905616,-93.2262548
Single Family Residential,13650 Applewood Trl,Rosemount,55068,444975,2,2,Caramore Crossing,1485,7405.0,2021,72,165.0,6138676,44.75441892,-93.09089596
Single Family Residential,13566 Birdsong Path,Rosemount,55068,769000,5,4,Rosemount,3640,8712.0,2022,72,0.0,6138645,44.7523371,-93.1106628
Townhouse,7637 Cody Ln E,Inver Grove Heights,55076,461827,3,3,South Grove,2336,26264.151515151516,2021,76,208.0,6138092,44.83924896,-93.03390637
Single Family Residential,1766 Brandlewood Ct,Hastings,55033,550000,5,3,Hastings,2662,15681.0,2022,77,0.0,6137693,44.72112178,-92.89259595
Single Family Residential,17928 Greenwich Way,Lakeville,55044,574900,4,3,Summers Creek,2766,4486.0,2021,78,160.0,6137539,44.6909037,-93.2261221
Single Family Residential,11760 Azure Ln,Inver Grove Heights,55077,1050000,5,4,AMBERWOOD,4057,13939.0,2022,79,21.0,6137433,44.7781911,-93.1036164
Condo/Co-op,12820 Nicollet Ave #101,Burnsville,55337,112000,2,1,Burnsville,900,26264.151515151516,1970,82,450.0,6137328,44.7690896,-93.280206
Single Family Residential,22426 Cambrian Ct,Farmington,55024,403900,2,1,Farmington,1027,10018.0,2021,91,0.0,6135364,44.623567,-93.131271
Townhouse,17749 Everest Ave,Lakeville,55044,491900,3,2,Knob Hill Association,1765,2787.0,2021,93,145.0,6134794,44.69142813,-93.17979347
Townhouse,17745 Everest Ave,Lakeville,55044,482500,2,2,Knob Hill Association,1644,2787.0,2021,93,145.0,6134785,44.69142813,-93.17979347
Townhouse,17746 Everest Ave,Lakeville,55044,467900,2,2,Knob Hill Association,1500,2787.0,2021,93,145.0,6134781,44.69142813,-93.17979347
Condo/Co-op,600 Greenhaven Dr #107,Burnsville,55306,255000,2,2,Burnsville,1269,26264.151515151516,2002,95,794.0,6129931,44.7291506,-93.2864227
Single Family Residential,2809 213th St,Farmington,55024,459900,3,2,Sapphire Lakes,1432,7405.0,2021,95,0.0,6134468,44.6414187,-93.1270284
Single Family Residential,6182 S Robert Trl,Inver Grove Heights,55077,1800000,3,3,Inver Grove Heights,3524,683064.0,1959,98,0.0,6133486,44.858636,-93.083039
Single Family Residential,13621 Applewood Trl,Rosemount,55068,472470,3,2,Caramore Crossing,1801,8276.0,2021,101,165.0,6132920,44.75431328,-93.08871575
Single Family Residential,13627 Applewood Trl,Rosemount,55068,501180,3,2,Rosemount,1866,9583.0,2021,101,165.0,6132914,44.75431874,-93.09103181
Single Family Residential,10601 Amery Cir,Inver Grove Heights,55077,649000,4,3,Inver Grove Heights,3000,12632.0,1999,102,16.0,6132828,44.7958037,-93.1007369
Single Family Residential,2653 213th St W,Farmington,55024,489900,4,3,Farmington,2568,7840.0,2022,103,0.0,6132270,44.6410286,-93.1245093
Townhouse,7633 Cody Ln,Inver Grove Heights,55076,399185,3,3,South Grove,2082,26264.151515151516,2021,104,208.0,6131543,44.838845,-93.034345
Single Family Residential,19354 Clearwater Loop,Farmington,55024,512990,4,3,North Creek,2645,8276.0,2021,106,35.0,6131121,44.6706996,-93.1387624
Single Family Residential,19115 N Crystal Ter,Farmington,55024,431490,2,2,North Creek,1734,9147.0,2020,106,166.0,6131112,44.67170183,-93.14455748
Townhouse,1072 36th St W,Hastings,55033,519900,2,2,Riverwood 12th,1519,6054.0,2021,106,150.0,6126188,44.711238,-92.8694682
Townhouse,14141 Addison Ave,Rosemount,55068,351690,3,3,Highlands of Falmoor Glen,1769,2178.0,2021,112,225.0,6130351,44.7447167,-93.0814684
Townhouse,14151 Addison Ave,Rosemount,55068,371090,3,3,Highlands of Falmoor Glen,1792,2178.0,2021,112,225.0,6130353,44.7447148,-93.0813236
Single Family Residential,6344 Apple Ct,Inver Grove Heights,55077,739500,4,3,Enclave at Settler's Ridge,2609,8712.0,2022,113,70.0,6129581,44.8547,-93.0899
Single Family Residential,6332 Apple Ct,Inver Grove Heights,55077,792540,5,4,Enclave at Settler's Ridge,2976,8712.0,2022,113,70.0,6129586,44.8547,-93.0899
Single Family Residential,14205 Addison Ave,Rosemount,55068,699000,5,5,Emerald Isle,3925,12196.0,2021,113,0.0,6129629,44.7450196,-93.0804786
Single Family Residential,8480 208th St W,Lakeville,55044,446000,5,2,Lakeville,2730,14853.0,1982,115,0.0,6129353,44.6472261,-93.2370532
Single Family Residential,2293 136th St,Rosemount,55068,737700,4,4,Rosemount,2962,8712.0,2022,119,0.0,6127814,44.7518139,-93.1312279
Single Family Residential,2677 213th St,Farmington,55024,489900,3,2,Sapphire Lake,1699,10454.0,2021,125,0.0,6125957,44.6410286,-93.1245093
Single Family Residential,18543 Hexham Ln,Lakeville,55044,605000,3,3,Lakeville,2100,8712.0,2021,126,0.0,6125853,44.6617732,-93.2341118
Single Family Residential,781 Wentworth Ave,Mendota Heights,55118,2500000,4,4,Mendota Heights,5033,25264.0,2022,132,0.0,6123662,44.8986005,-93.125251
Single Family Residential,17984 Gresford Ln,Lakeville,55044,644900,5,3,Summers Creek,3611,4486.0,2022,134,160.0,6122844,44.6896154,-93.2257124
Single Family Residential,18215 Hideaway Trl,Lakeville,55044,487490,2,2,Pinnacle Reserve,1866,11325.0,2020,137,165.0,6118056,44.6843969,-93.2363267
Single Family Residential,7418 Agate Trl,Inver Grove Heights,55077,799000,5,4,Inver Grove Heights,3843,8712.0,2021,138,0.0,6121261,44.8516986,-93.0896198
Single Family Residential,1399 Dodd Rd,Mendota Heights,55118,525000,4,2,Mendota Heights,2869,17424.0,1940,138,0.0,6121216,44.9037527,-93.114269
Single Family Residential,7801 Ava Trl,Inver Grove Heights,55077,499900,3,3,Scenic Hills,1645,4791.0,2021,139,66.0,6120912,44.836249,-93.078177
Single Family Residential,7842 Adler Trl,Inver Grove Heights,55077,539900,2,2,Scenic Hills,1593,7840.0,2021,139,66.0,6120562,44.835064,-93.076199
Condo/Co-op,4130 Rahn Rd #122,Eagan,55122,124900,2,1,Eagan,900,26264.151515151516,1972,140,380.0,6120459,44.806893,-93.2057051
Single Family Residential,791 Wentworth Ave,Mendota Heights,55118,1995000,6,5,Mendota Heights,5697,22651.0,2021,140,0.0,6119869,44.8986018,-93.1253475
Single Family Residential,20268 Geneva Trl,Lakeville,55044,644860,4,4,Cedar Hills,3760,15246.0,2021,142,50.0,6119118,44.6559562,-93.21479022
Single Family Residential,15450 Lucerne Cir,Burnsville,55306,994900,5,5,Burnsville,3941,54667.0,2007,144,0.0,6118576,44.7237009,-93.296448
Single Family Residential,19133 N Cottage Rd,Farmington,55024,498990,3,3,North Creek,1012,9147.0,2021,145,166.0,6118191,44.6727774,-93.1424585
Condo/Co-op,4130 Rahn Rd #121,Eagan,55122,122500,2,1,Eagan,900,26264.151515151516,1972,146,380.0,6117708,44.806893,-93.2057051
Single Family Residential,187XX Kenwood Trl,Lakeville,55044,1390620,4,3,The Enclave of Lakeville,4500,32670.0,2022,147,0.0,6116890,44.692457,-93.2830594
Single Family Residential,4006 Haven Woods Ct,Eagan,55123,1588500,5,5,Haven Wood,4744,18556.0,2021,148,0.0,6115664,44.81264919,-93.11434319
Townhouse,20149 Geneva Trl,Lakeville,55044,552215,2,2,Cedar Hills,1697,4791.0,2021,148,130.0,6115398,44.6589,-93.2157
Single Family Residential,17826 Graphite Ln,Lakeville,55044,553665,2,2,Summers Creek,1694,4486.0,2021,150,160.0,6115272,44.6926651,-93.2237617
Townhouse,xxxx5 W 217th St W,Farmington,55024,510000,3,3,Vita Attiva at South Creek,1710,26264.151515151516,2022,151,269.0,6114955,44.64068093,-93.16973664
Single Family Residential,1436 Stickney Ave,South Saint Paul,55075,479900,3,3,South Saint Paul,2197,24219.0,2022,152,0.0,6114284,44.9140585,-93.0597622
Single Family Residential,2640 213th St,Farmington,55024,499900,3,3,Sapphire Lake,1699,7405.0,2021,169,0.0,6106198,44.6410169,-93.1245023
Single Family Residential,5721 Upper 179 W,Lakeville,55044,637900,5,4,Knob Hill,3316,8276.0,2021,169,0.0,6106066,44.6892368,-93.1813001
Single Family Residential,17916 Greenwich Way,Lakeville,55044,589900,3,2,Summers Creek,1945,4486.0,2021,171,160.0,6105403,44.6911656,-93.2262167
Condo/Co-op,4110 Rahn Rd #215,Eagan,55122,111888,1,1,Eagan,700,26264.151515151516,1971,172,308.0,6103633,44.808047,-93.2062545
Single Family Residential,17947 Gresford Ln,Lakeville,55044,649900,5,3,Summers Creek,3611,4486.0,2022,172,160.0,6105389,44.6900987,-93.2270793
Single Family Residential,7740 Alder Trl,Inver Grove Heights,55077,480000,2,2,Scenic Hills,1420,4704.0,2021,172,66.0,6105093,44.836945,-93.07568
Townhouse,12903 Penn Ave S,Burnsville,55337,355900,3,3,Burnsville Heights,1600,26264.151515151516,2021,173,255.0,6104400,44.769433,-93.310438
Single Family Residential,19063 Cloverleaf Way,Farmington,55024,429635,2,2,Avebury Place,1819,7013.0,2021,179,175.0,6102199,44.67328634,-93.13964514
Single Family Residential,9686 Carbon Ct,Inver Grove Heights,55076,599900,4,3,Pine Bend Estates,2316,8712.0,2021,183,79.0,6099224,44.80841016,-93.03707893
